City_ID,City,Country,Max Temp,Current Description,Lat,Lng,Hotel Name
0,Rikitea,PF,78.64,light rain,-23.1203,-134.9692,Pension Maro'i
1,Mahebourg,MU,77.0,light rain,-20.4081,57.7,Shandrani Beachcomber Resort & Spa
2,Kapaa,US,73.4,scattered clouds,22.0752,-159.319,Sheraton Kauai Resort at Coconut Beach
3,Fayaoue,NC,79.65,clear sky,-20.65,166.5333,Chez Dydyce Guesthouse
4,Kailua,US,73.4,few clouds,21.4022,-157.7394,Sheffield House Bed & Breakfast
5,Saint-Philippe,RE,78.8,moderate rain,-21.3585,55.7679,"Chambres d'hôte ""La Trinité"""
6,Cabedelo,BR,86.0,broken clouds,-6.9811,-34.8339,Hotel Pigalle
7,Neuquen,AR,73.4,clear sky,-38.9516,-68.0591,Hotel del Comahue
8,Souillac,MU,77.0,scattered clouds,-20.5167,57.5167,Shanti Maurice Resort & Spa
9,Mangochi,MW,72.97,light rain,-14.4782,35.2645,Fort Johnstone Hotel
10,Ciudad Bolivar,VE,89.46,overcast clouds,8.1222,-63.5497,Hotel Edi
11,Vilhena,BR,86.0,broken clouds,-12.7406,-60.1458,Hotel Mirage
12,Kavieng,PG,81.32,moderate rain,-2.5744,150.7967,Nusa Island Retreat
13,Castro,BR,81.16,overcast clouds,-24.7911,-50.0119,CHACARA BAILLY
14,Bambous Virieux,MU,80.01,light rain,-20.3428,57.7575,Casa Tia Villa
15,Atuona,PF,80.6,light rain,-9.8,-139.0333,Villa Enata
16,Saint-Joseph,RE,78.8,moderate rain,-21.3667,55.6167,"""Plantation Bed and Breakfast"
17,Taitung,TW,75.22,clear sky,22.7583,121.1444,Taitung Bali Suites Hotel
18,Hattiesburg,US,82.4,scattered clouds,31.3271,-89.2903,Deluxe Inn
19,Port-Gentil,GA,82.4,few clouds,-0.7193,8.7815,Fengshui Residence
20,Cabatuan,PH,77.32,broken clouds,10.8794,122.486,ROREM'S BOARDING HOUSE
21,Saint-Pierre,RE,78.8,moderate rain,-21.3393,55.4781,Lindsey Hôtel
22,Carnarvon,AU,77.0,clear sky,-24.8667,113.6333,Hospitality Carnarvon
23,Butaritari,KI,80.91,light rain,3.0707,172.7902,Isles Sunset Lodge
24,Namibe,AO,82.4,scattered clouds,-15.1961,12.1522,Hotel Chik Chik Namibe
25,Vaini,TO,78.8,few clouds,-21.2,-175.2,Keleti Beach Resort
26,Porto Novo,BJ,87.8,scattered clouds,6.4965,2.6036,Tour Eiffel Hotel Benin
27,Bol,TD,84.52,clear sky,13.4586,14.7147,Hotel 3 Etoiles
28,Puerto Del Rosario,ES,77.0,scattered clouds,28.5004,-13.8627,Hotel JM Puerto del Rosario
29,Kasongo-Lunda,CD,81.03,broken clouds,-6.4667,16.8167,
30,Fasa,IR,71.6,broken clouds,28.9383,53.6482,Fasa University Boys' Dormitory
31,Anito,PH,78.19,broken clouds,12.4497,125.2886,The Yellow House
32,Huarmey,PE,73.8,scattered clouds,-10.0681,-78.1522,Hotel Miramar
33,Lata,PT,73.99,overcast clouds,40.1629,-8.3327,Casa Maquia
34,Puerto Ayora,EC,82.4,few clouds,-0.7393,-90.3518,Finch Bay Galapagos Hotel
35,Lorengau,PG,80.38,overcast clouds,-2.0226,147.2712,Lorengau Harbourside Hotel
36,Roebourne,AU,83.37,overcast clouds,-20.7833,117.1333,Harding River Caravan Park
37,San Patricio,US,79.0,overcast clouds,28.017,-97.5169,"Motel 6 Sinton, TX"
38,Shakawe,BW,77.67,scattered clouds,-18.3667,21.85,Ditlhapi Guest House
39,Pakokku,MM,89.62,clear sky,21.3333,95.1,Royal Palace Motel
40,Takoradi,GH,83.93,broken clouds,4.8845,-1.7554,Raybow International Hotel
41,Sao Filipe,CV,70.45,clear sky,14.8961,-24.4956,Tortuga B&B
42,Cidreira,BR,79.72,overcast clouds,-30.1811,-50.2056,Hotel Castelo
43,Monte Alegre,BR,85.98,broken clouds,-2.0078,-54.0692,Hotel Shekinah
44,Cabuyaro,CO,82.49,overcast clouds,4.2817,-72.794,Hotel Sofia Real Cabuyaro Meta
45,Chancay,PE,73.0,clear sky,-11.5714,-77.2672,Hotel Madre Perla
46,Businga,CD,86.16,broken clouds,3.3333,20.8833,
47,Aden,YE,80.31,clear sky,12.7794,45.0367,Sama Emirate Hotel
48,Caravelas,BR,87.37,clear sky,-17.7125,-39.2481,Pousada dos Navegantes
49,Simga,IN,82.4,haze,21.6333,81.7,OM Hotel & Sweet
50,Carutapera,BR,74.52,overcast clouds,-1.195,-46.02,Lidera
51,Rocha,UY,77.59,scattered clouds,-34.4833,-54.3333,Beleza Pura B&B
52,Khargapur,IN,84.72,clear sky,24.823,79.14399999999999,Non-veg Hotel
53,Port Blair,IN,82.47,overcast clouds,11.6667,92.75,Welcomhotel Bay Island Port Blair
54,Tabuk,PH,73.81,broken clouds,17.4189,121.4443,Golden Berries Hotel and Convention
55,Pimentel,PE,80.6,scattered clouds,-6.8367,-79.9342,Casona Del Muelle
56,Grand Baie,MU,79.0,broken clouds,-20.0182,57.5802,Trou aux Biches Beachcomber Golf Resort & Spa
57,Chuy,UY,76.66,overcast clouds,-33.6971,-53.4616,Nuevo Hotel Plaza
58,Biak,ID,76.71,overcast clouds,-0.9131,122.8766,Penginapan Kim
59,Hambantota,LK,78.8,scattered clouds,6.1241,81.1185,Bungalow 63
60,Emerald,AU,71.6,clear sky,-23.5333,148.1667,The Irish Village
61,Pisco,PE,73.0,few clouds,-13.7,-76.2167,Hotel San Isidro Oficial
62,San Cristobal,VE,73.4,fog,7.7669,-72.225,Posada Villaven C.A.
63,Gunjur,GM,86.0,clear sky,13.2019,-16.7339,Kuba Lodge
64,Puerto Carreno,CO,84.96,overcast clouds,6.189,-67.4859,Casa Hotel Victoria
65,Salalah,OM,82.4,clear sky,17.0151,54.0924,HAMDAN PLAZA HOTEL SALALAH
66,Mongu,ZM,73.22,broken clouds,-15.2484,23.1274,Country Lodge Mongu
67,Tadine,NC,75.99,clear sky,-21.55,167.8833,
68,Avarua,CK,80.6,broken clouds,-21.2078,-159.775,Paradise Inn
69,Karaton,ID,81.0,light rain,-6.3424,106.1045,Parkir Mobil Wisata CAS Water Park
70,Labuan,MY,78.8,few clouds,5.2767,115.2417,Tiara Labuan Hotel
71,Georgetown,MY,84.0,scattered clouds,5.4112,100.3354,Cititel Penang
72,Umm Lajj,SA,72.27,clear sky,25.0213,37.2685,Moon light Furnished Units
73,Road Town,VG,86.0,scattered clouds,18.4167,-64.6167,"ZINGARA 76ft Catamaran, full crew-all included"
74,Xuddur,SO,87.15,overcast clouds,4.1213,43.8894,Banjanay Hotel
75,Meulaboh,ID,76.17,light rain,4.1363,96.1285,Kost Pria
76,Cozumel,MX,86.0,broken clouds,20.5083,-86.9458,Cozumel Palace® All Inclusive Resort
77,Muli,MV,80.51,overcast clouds,2.9167,73.5667,Medhufushi Island Resort
78,Faanui,PF,82.81,light rain,-16.4833,-151.75,Bora-Bora Pearl Beach Resort & Spa
79,Maragogi,BR,82.98,light rain,-9.0122,-35.2225,Salinas do Maragogi All Inclusive Resort
80,Fomboni,KM,84.06,overcast clouds,-12.28,43.7425,Relais Singani
81,Hithadhoo,MV,84.15,overcast clouds,-0.6,73.0833,Scoop Guest House
82,Pinas,EC,82.4,light rain,-3.6667,-79.65,Hostería Florecer
83,Tarimoro,MX,75.99,clear sky,20.2833,-100.75,Auto Lavado Privado
84,Cayenne,GF,87.8,few clouds,4.9333,-52.3333,Hôtel Le Dronmi
85,Victoria,HK,75.0,clear sky,22.2855,114.1577,Mini Hotel Central
86,Merauke,ID,78.89,overcast clouds,-8.4667,140.3333,PC
87,Sinnamary,GF,80.78,broken clouds,5.3833,-52.95,ALETHEIA Appartement Sinnamary
88,Yangjiang,CN,72.37,clear sky,21.85,111.9667,HUALUXE Yangjiang City Center
89,Dingle,PH,76.66,few clouds,10.9995,122.6711,SEGAYA PROPERTY
90,Phalombe,MW,70.86,few clouds,-15.8064,35.6507,RIVONIA
91,Cabo San Lucas,MX,71.01,clear sky,22.8909,-109.9124,Hotel Tesoro Los Cabos
92,Kutum,SD,78.98,overcast clouds,14.2,24.6667,Dibbo areaمنطقة دبو
93,Rawson,AR,75.52,scattered clouds,-43.3002,-65.1023,Hosteria Sampedro
94,Grand Gaube,MU,79.0,scattered clouds,-20.0064,57.6608,Veranda Paul et Virginie Hotel & Spa
95,Betioky,MG,74.71,clear sky,-23.7167,44.3833,Bungalows Acacias Hotel
96,Manokwari,ID,77.25,moderate rain,-0.8667,134.0833,Swiss Belhotel Manokwari
97,Olinda,BR,82.4,broken clouds,-8.0089,-34.8553,Hotel Albergue de Olinda
98,Makokou,GA,84.2,scattered clouds,0.5738,12.8642,WAMY RESIDENCE HOTEL
99,Pedasi,PA,83.05,scattered clouds,7.5333,-80.0333,Selina Pedasi
100,Miri,MY,78.8,scattered clouds,4.4148,114.0089,"Mega Hotel, Miri"
101,Rodrigues Alves,BR,86.0,broken clouds,-7.7379999999999995,-72.6509,Pousada Aconchego
102,Wattegama,LK,78.8,scattered clouds,6.7989,81.4808,
103,Tambopata,PE,75.2,heavy intensity rain,-12.7333,-69.1833,
104,Chaman,PK,76.69,clear sky,30.9236,66.4512,Hayatullah achakzai tandor
105,Sechura,PE,78.57,broken clouds,-5.5569,-80.8222,Hospedaje Costa Bella
106,Puerto Escondido,MX,87.8,clear sky,15.85,-97.0667,Aldea del Bazar Hotel and Spa
107,Bandarbeyla,SO,80.04,few clouds,9.4942,50.8122,JABIR HOTEL
108,Labuhan,ID,80.51,overcast clouds,-6.8844,112.2051,PT PPI Lamongan Tambak C
109,Richards Bay,ZA,70.99,moderate rain,-28.783,32.0377,BON Hotel Waterfront Richards Bay
110,Boffa,GN,86.85,scattered clouds,10.1667,-14.0333,Hôtel Niara Belly
111,Guntakal,IN,88.83,broken clouds,15.1667,77.3833,Vasavi Pipes Office
112,Sola,VU,82.53,overcast clouds,-13.8833,167.55,Leumerus Bungalows
113,Juba,SS,88.92,overcast clouds,4.8517,31.5825,ROYAL PALACE HOTEL - JUBA
114,Bengkulu,ID,76.89,light rain,-3.8004,102.2655,Grage Hotel Bengkulu
115,Gamba,GA,81.95,overcast clouds,-2.65,10.0,
116,Vao,NC,77.7,clear sky,-22.6667,167.4833,Hotel Kou-Bugny
117,Maningrida,AU,78.08,overcast clouds,-12.0667,134.2667,Dhukurrdji Lodge
118,Imbituba,BR,84.2,light rain,-28.24,-48.6703,Praia Hotel Imbituba
119,Bathsheba,BB,82.4,few clouds,13.2167,-59.5167,Atlantis Hotel
120,Samarai,PG,83.05,overcast clouds,-10.6167,150.6667,Nuli Sapi
121,Diffa,NE,87.93,clear sky,13.3154,12.6113,ProDAF/Diffa
122,Praya,CV,75.2,scattered clouds,14.9215,-23.5087,LT Aparthotel
123,Kannur,IN,82.56,light rain,11.8675,75.3576,Asokam Beach Resort and Ayurveda Chikitsa Kendram
124,Charters Towers,AU,71.44,clear sky,-20.1,146.2667,Cattleman's Rest Motor Inn
125,Makakilo City,US,73.4,clear sky,21.3469,-158.0858,Marriott's Ko Olina Beach Club
126,Lufilufi,WS,75.2,light rain,-13.8745,-171.5986,Leuaina Beach Resort and Spa
127,Moyale,KE,80.33,overcast clouds,3.5167,39.0584,La Tahzan Guest House
128,Axim,GH,83.61,broken clouds,4.8699,-2.2405,AXIM BEACH RESORT AND SPA
129,Shenzhen,CN,75.0,clear sky,22.5455,114.0683,Shenzhen Shanghai Hotel
130,Sao Joao Da Barra,BR,89.6,few clouds,-21.6403,-41.0511,Pousada Porto De Canoas
131,Sungairaya,ID,77.68,overcast clouds,0.7,108.9,Mess P.Milu
132,Laredo,US,78.8,clear sky,27.5064,-99.5075,La Posada Hotel
133,Isangel,VU,76.98,clear sky,-19.55,169.2667,Volcano Sea View Tree House
134,Yulara,AU,75.2,overcast clouds,-25.2406,130.9889,Desert Gardens Hotel - Ayers Rock Resort
135,Kuching,MY,77.0,few clouds,1.55,110.3333,The Ranee Boutique Suites
136,Acari,PE,82.18,broken clouds,-15.4311,-74.6158,HOSPEDAJE XIMENA
137,Ritchie,ZA,75.2,clear sky,-29.038,24.6028,Riverside County Club Kimberley
138,Machali,CL,75.2,clear sky,-34.1833,-70.6667,Mining House
139,Basco,PH,78.82,few clouds,20.4487,121.9702,Nathaniel's Lodge
140,Miguel Auza,MX,75.18,overcast clouds,24.2933,-103.4503,Hotel Del Centro
141,Qui Nhon,VN,74.71,overcast clouds,13.7667,109.2333,Hoang Yen Canary Hotel
142,Tevaitoa,PF,82.04,light rain,-16.7833,-151.5,Hôtel Raiatea Lodge
143,Maraa,BR,79.97,overcast clouds,-1.8333,-65.3667,
144,Maryborough,AU,71.01,clear sky,-25.5333,152.7,Blue Shades Motel
145,Sumter,US,84.99,clear sky,28.7086,-82.0831,Paradise Oaks RV Resort
146,Pangkalanbuun,ID,74.5,overcast clouds,-2.6833,111.6167,Grand Kecubung Hotel
147,San Policarpo,PH,80.06,overcast clouds,12.1791,125.5072,JM Lodge
148,Hobyo,SO,80.98,few clouds,5.3505,48.5268,Halane Hotel and Restaurent
149,Ahuimanu,US,73.4,few clouds,21.4447,-157.8378,Paradise Bay Resort
150,Ambilobe,MG,75.54,light rain,-13.2,49.05,Hôtel & Restaurant DIANA Ambilobe
151,Independencia,BR,82.76,broken clouds,-5.3964,-40.3086,Pousada Santa Cruz
152,Sorong,ID,76.41,overcast clouds,-0.8833,131.25,The Waigo Hotel
153,Camana,PE,74.14,overcast clouds,-16.6228,-72.7111,Hostal Morales
154,Kavaratti,IN,84.38,overcast clouds,10.5669,72.642,Hotels in Lakshadweep Islands
155,Felipe Carrillo Puerto,MX,87.85,few clouds,19.5833,-88.05,Hotel La Ceiba
156,Lujan,AR,70.0,overcast clouds,-34.5703,-59.105,Hotel Biarritz
157,Sur,OM,81.79,overcast clouds,22.5667,59.5289,Sur Plaza Hotel
158,Chor,PK,89.64,clear sky,25.5167,69.7667,Asad U Bajeer Hotel
159,Muisne,EC,84.2,light rain,0.6,-80.0333,Quinta Samay
160,Oistins,BB,82.4,few clouds,13.0667,-59.5333,Butterfly Beach Hotel
161,Alofi,NU,78.8,few clouds,-19.0595,-169.9187,Taloa Heights
162,Cockburn Town,TC,82.4,scattered clouds,21.4612,-71.1419,Osprey Beach Hotel
163,Boueni,YT,80.6,broken clouds,-12.9025,45.0761,The feet in water
164,Benguela,AO,80.37,broken clouds,-12.5763,13.4055,Hotel Praia Morena
165,Padang,ID,78.8,overcast clouds,-0.9492,100.3543,Mercure Padang
166,Noumea,NC,73.4,clear sky,-22.2763,166.4572,Hôtel Le Lagon
167,Pasni,PK,78.46,broken clouds,25.2631,63.471000000000004,Kashmiri Hotal
168,Beloha,MG,75.67,light rain,-25.1667,45.05,
169,Krishnarajpet,IN,82.4,broken clouds,12.655,76.4883,Pruthvi Comforts
170,Porlamar,VE,79.38,overcast clouds,10.958,-63.8491,Hotel Bella Vista
171,Ugoofaaru,MV,83.34,light rain,5.6667,73.0,Ungoofaaru Inn
172,Garowe,SO,79.68,scattered clouds,8.4054,48.4845,Curubo Hotel
173,Tabou,CI,82.47,scattered clouds,4.423,-7.3528,hotêl doufoulougou
174,Lodja,CD,78.24,overcast clouds,-3.4833,23.4333,
175,Omboue,GA,81.07,light rain,-1.5746,9.2618,Hotel Olako
176,Umm Kaddadah,SD,78.69,overcast clouds,13.6017,26.6876,
177,Hays,US,73.99,overcast clouds,30.0502,-98.0336,Sinya on Lone Man Creek
178,Boa Vista,BR,87.8,broken clouds,2.8197,-60.6733,Aipana Plaza Hotel
179,Bilma,NE,80.92,clear sky,18.6853,12.9164,Expeditions Ténére voyages
180,Ipoh,MY,78.8,scattered clouds,4.5841,101.0829,Ritz Garden Hotel
181,Luebo,CD,74.1,broken clouds,-5.35,21.4167,
182,Bintulu,MY,78.8,few clouds,3.1667,113.0333,900 Boutique INN
183,Bhuban,IN,77.56,few clouds,20.8833,85.8333,Sree Ganesh Sweetstall
184,Ranau,MY,78.8,few clouds,5.9538,116.6641,Ranau Backpackers Hostel
185,Monrovia,LR,87.8,light rain,6.3005,-10.7969,Sunset Inn
186,Eyl,SO,80.22,broken clouds,7.9803,49.8164,Amiin Hotel
187,Mount Isa,AU,78.8,clear sky,-20.7333,139.5,ibis Styles Mt Isa Verona
188,Rinconada,MX,87.8,clear sky,19.35,-96.5167,Hotel Puente Nacional
189,Iquitos,PE,84.2,broken clouds,-3.7481,-73.2472,Casa Morey Hotel & Restaurant
190,Morondava,MG,79.25,clear sky,-20.2833,44.2833,La Case Bambou
191,Colares,PT,72.0,clear sky,38.7992,-9.4469,Arribas Sintra Hotel
192,Buraydah,SA,71.6,clear sky,26.326,43.975,فندق راحة السلام
193,Port Hedland,AU,80.6,clear sky,-20.3167,118.5667,The Esplanade Hotel
194,Tirumullaivasal,IN,80.67,broken clouds,11.2333,79.8333,Hajaali
195,Nandura,IN,89.15,clear sky,20.8333,76.45,Deepika Infratech Pvt Ltd
196,Altamira,BR,80.6,broken clouds,-3.2033,-52.2064,Requinte Hotel
197,Nicoya,CR,89.6,clear sky,10.1483,-85.45200000000001,Guayacan Real
198,Xiongzhou,CN,71.71,few clouds,25.1167,114.3,Xinhewan Business Hotel
199,Bondo,CD,79.39,broken clouds,3.8146,23.6866,
200,Aitape,PG,77.63,overcast clouds,-3.1374,142.3475,
201,Tanete,ID,75.94,light rain,-3.9443,119.7848,Wisma Tri Multi
202,Manadhoo,MV,83.21,overcast clouds,5.7667,73.3833,Vevu Guesthouse
203,Bontang,ID,76.01,overcast clouds,0.1333,117.5,KOPKAR Hotel Bintang Sintuk
204,Alta Floresta,BR,87.8,scattered clouds,-9.8756,-56.0861,Floresta Amazonica Hotel
205,Mae Sai,TH,78.8,few clouds,20.4335,99.8762,Piyaporn Hill Paradise Hotel
206,Cascais,PT,72.0,clear sky,38.6979,-9.4215,Hotel Vila Galé Cascais
207,Otacilio Costa,BR,79.12,light rain,-27.4831,-50.1219,Hotel Daieli
208,Bandundu,CD,77.34,broken clouds,-3.3167,17.3667,Coja Color
209,Sao Miguel Do Araguaia,BR,87.44,broken clouds,-13.275,-50.1628,Hotel Executivo Palace
210,Ilo,PE,71.6,clear sky,-17.6394,-71.3375,Torreblanca Hotel
211,Raga,SS,84.69,overcast clouds,8.4596,25.678,
212,Iralaya,HN,84.2,broken clouds,15.0,-83.2333,Iglesia morava renovada
213,Rayadrug,IN,87.39,scattered clouds,14.7,76.8667,Mali arts
214,Manono,CD,71.28,broken clouds,-7.3,27.4167,Hotel hewa bora
215,Bosaso,SO,78.78,clear sky,11.2842,49.1816,Red Sea Hotel
216,Tuyen Quang,VN,73.76,overcast clouds,21.8233,105.2181,Khách Sạn Tuyên Thoa
217,Honiara,SB,77.88,overcast clouds,-9.4333,159.95,Heritage Park Hotel
218,Gambela,ET,82.92,light rain,8.25,34.5833,Solomon Debebe Hotel
219,Bowen,AU,71.6,clear sky,-20.0167,148.2333,Castle Motor Lodge Motel
220,Corsicana,US,72.0,haze,32.0954,-96.4689,Holiday Inn Express & Suites Corsicana I-45
221,Rosita,NI,80.73,scattered clouds,13.9268,-84.4032,Hospedaje Zeledón
222,Lima,PE,73.0,clear sky,-12.0432,-77.0282,Gran Hotel Bolivar Lima
223,Vila Velha,BR,90.0,few clouds,-20.3297,-40.2925,Quality Suites Vila Velha
224,Matola,MZ,82.0,few clouds,-25.9622,32.4589,Guesthouse Yuba
225,Hualmay,PE,74.97,scattered clouds,-11.0964,-77.6139,Hotel Villa Kitzia Huacho
226,Itarema,BR,79.07,heavy intensity rain,-2.9248,-39.9167,"Sea Lounge! Bar, Club & Restaurant"
227,Ambulu,ID,76.41,overcast clouds,-8.345,113.6058,Hotel Ambulu Jember
228,Rio Grande,BR,79.0,light rain,-32.035,-52.0986,Hotel Atlântico Rio Grande
229,Port Moresby,PG,77.0,scattered clouds,-9.4431,147.1797,Lamana Hotel
230,Trairi,BR,80.82,overcast clouds,-3.2778,-39.2689,janelas do mar
231,Tutoia,BR,84.2,broken clouds,-2.7619,-42.2744,Pousada Guará's
232,Quatre Cocos,MU,79.0,scattered clouds,-20.2078,57.7625,Emeraude Beach Attitude Hotel
233,Thinadhoo,MV,83.7,overcast clouds,0.5333,72.9333,
234,Corrente,BR,81.73,overcast clouds,-3.7367,-43.3394,Chapadinhense Hotel
235,Valparaiso,CL,71.6,clear sky,-33.0393,-71.6273,Hotel Ultramar
236,Hervey Bay,AU,71.01,clear sky,-25.2986,152.8535,Shelly Bay Resort
237,Napuro,PH,73.96,broken clouds,12.0273,124.7082,Maria gennet DC conde
238,Mangrol,IN,80.78,clear sky,21.1167,70.1167,Hotel The Royal Honours
239,Manicore,BR,82.4,scattered clouds,-5.8092,-61.3003,Hotel Durval
240,Long Xuyen,VN,80.6,few clouds,10.3833,105.4167,Nhà Nghỉ Sài Gòn Ngày Đêm
241,Mahajanga,MG,80.6,few clouds,-15.7167,46.3167,Restaurant Greedy Coco Lodge Majunga
242,Trinidad,BO,82.4,moderate rain,-14.8333,-64.9,Hotel Piesta
243,Burewala,PK,82.02,clear sky,30.1667,72.65,Siddique asi
244,Weligama,LK,77.25,overcast clouds,5.9667,80.4167,Weligama Bay Resort
245,Andros Town,BS,80.6,few clouds,24.7,-77.7667,Hanks place
246,Perbaungan,ID,80.6,light rain,3.5679,98.956,Bendang Lama
247,Kadungora,ID,70.21,heavy intensity rain,-7.0899,107.8864,Villa Kadeudeuh
248,Natal,BR,82.4,broken clouds,-5.795,-35.2094,Villa Park Hotel | Natal
249,Auki,SB,77.92,overcast clouds,-8.7676,160.7034,Auki Motel
250,Booue,GA,79.12,overcast clouds,-0.0921,11.9385,Splendeur de l'équateur
251,Amuntai,ID,73.87,overcast clouds,-2.4177,115.2494,Hotel Balqis
252,Libreville,GA,84.2,few clouds,0.3925,9.4537,Hotel Re-Ndama
253,Cedro,BR,87.94,overcast clouds,-6.6067,-39.0622,Pousada & Conveniência MEDEIROS
254,Bac Lieu,VN,80.83,scattered clouds,9.285,105.7244,Khách sạn Sài Gòn Bạc Liêu
255,Bastrop,US,78.01,overcast clouds,32.7562,-91.8724,Budget Inn
256,Paramonga,PE,74.55,scattered clouds,-10.6667,-77.8333,HOSTAL MI CHALET - PARAMONGA
257,Pontianak,ID,78.8,scattered clouds,-0.0333,109.3333,Aston Pontianak Hotel & Convention Center
258,Puerto Leguizamo,CO,81.03,broken clouds,-0.1934,-74.7819,la casona de juancho
259,Jacareacanga,BR,83.73,scattered clouds,-6.2222,-57.7528,Casa do Ian😎
260,Puro,PH,78.8,few clouds,12.4841,123.3827,
261,Neiafu,TO,78.8,few clouds,-18.65,-173.9833,Mystic Sands
262,Poum,NC,80.15,broken clouds,-20.2333,164.0167,Gîte kajeon
263,Thio,NC,73.4,clear sky,-21.6167,166.2167,La Ferme de Thio
